502719 ; 2018-06-04 ; Movistar - Calidad de servicio y servicio al cliente ; [Estoy chato de esta empresa, su callcenter es un chiste 0 empatia con el cliente,  no tuve servicio por mas de 1 semana por culpa de ellos y me cobraron el mes completo. ademas de que todo lo solucionan enviando un técnico a terreno. cerraron mi caso en la Subtel sin tener solución. un asco de compañía.]
502716 ; 2018-06-04 ; Claro - Alta latencia  ; [Hace un tiempo que soy usuario de claro, y antes no pasaba esto, ahora es constante la latencia Alta en servidores extranjeros, ya sean norte o sur americanos.]
502704 ; 2018-06-04 ; Vtr - Imprudencia al conducir ; [Hoy tipo 12 del medio dia, camion patente jjws35 parte con luz roja y casi coliciona con mi vehiculo y otro en camino a melipilla altura construmart, al encarar al conductor se baja agrede al otro conductor y al retirarme del lugar el me sigue mas de 7 cuadras yo me percate bajo del vehiculo, llamo a carabineros y este se dio a la fuga. Tipos asi no debieran conducir son unos  ******s . Busco un nro de reclamos y solo encuentro reclamos x servicio, alguien sabe de alguno?]
502703 ; 2018-06-04 ; Claro Hogar - No Me Dan Respuesta ; [del viernes que llamo al 800.171.171 y área comercial pero no ay respuestas me contesta un joven el sábado que me dice que no tiene idea de lo que le pregunte, que eso debiera verlo con un servicio técnico pero donde se supone que me contacto con un servicio técnico!!!!!???.. bueno pasa que tengo un plan hogar a nombre de vicente lagos quien es mi titular y el sábado me tuve que cambiar de casa en forma urgente entonces necesito saber si el mismo servicio que tengo contratado puede ser también trasladado al lugar el cual me cambie que es en villa jose de manzo de velasco, pasaje mous con atawua 225.los angeles. porfavor solo necesito saber si llega o sino para contratar otro servicio que llegue allá.. espero respuesta.. mi numero de contacto es 90939813.. de ante mano muchas gracias.]
502682 ; 2018-06-04 ; Vtr - Sin internet ni cable desde el 29 de Mayo problema persiste ; [VTR envía mail con archivo adjunto indicando que el problema está solucionado. Sin embargo, la falla persiste. Llamo a VTR e ingreso nuevo reclamo No 387818. En asistencia técnica confirman que persiste la incidencia.]
502681 ; 2018-06-04 ; Movistar - me estan cobrando unos Decos que devolvi. ; [Cuando decido dar de baja lsa TV digital. me dirijo a  la sucursal Huerfanos 623. el dia 08/05/18 y ese mismo dia entrego los Decos 2 deco HD y deco normal.., paso el mes y ahora tengo un cobro de $134.4xx costo que corresponde a los decos. el problema. es que me hacen asistir nuevamente a su sucursal de huerfanos 623. para llevar el comprobante. me hacen perder tiempo y dinero y pasar malos ratos. una compañía que no vela por el bienestar de sus clientes.  yo pago mis servicios oportunamente. y tengo con ellos mas productos. creo que lo mejor seria que me den una solución no un problema ya que el problema es causados por ellos, ya que el registro de entrega de los equipos lo deberian haber hecho ellos las personas que me atendieron en la sucursal.   ralla para la suma el cliente siempre paga los platos rotos.  muy mal ahí movistar.]
502654 ; 2018-06-04 ; Vtr - Latencia ; [Estimados,consulta que solución me podrian dar ya que tengo problemas de latencia demasiada alta por lo que tengo problemas para reproducir servicios streaming y juegos online en retrasado es demasiado ¿Alguna solución?]
502639 ; 2018-06-04 ; Movistar Hogar - me estan subiendo el presio del contrato lo contrate por 14 990y ahora tengo qe pagar 19200 es una sinberhuenzu ; [tengo contrato de Movistar hogar solo internet por 14990 y ahora me estan subiendo a 19000 porqe.?? si asi no fue lo qe contrate?]
502635 ; 2018-06-04 ; Movistar - No funciona después de ciertas horas ; [Considero grave lo que está pasando con esta compañía promete, promete  y no cumple. Es habitual que después de ciertas horas el servicio se corta y no funciona el internet ni la TV . Desde que contrate  Febrero 2018 el servicio se ha interrumpido varias veces después de la 24:00 HRS.No existen explicaciones ni compensación alguna y los pagos de estos servicios se deben pagar sin ningún olvido.A quien debemos reclamar en este país siempre estás empresas abusan y se ríen del usuario.Realmente considero que son cara dura y esto nadie lo comtrola.]
502633 ; 2018-06-04 ; Claro Hogar - No navega a la velocidad que se está pagando ; [Llevo al menos 3 semanas con esta velocidad, pagamos 20 mb de conexión. Cada vez que llamamos nos salen con el drama de los nodos, nos hacen reiniciar el router y nada. No es tema de factibilidad, no es tema de router, no es tema de computador. Son sus ineficientes redes las que tienen el problema., Claro Chile háganse responsables de una vez por todas. Arreglen los nodos y entreguen el servicio que se está pagando. está hablando un cliente que lleva muchísimos años con uds y que considera una falta de respeto al consumidor esta situación, He llamado muchísimas veces y la respuesta es siempre la misma. Arreglen sus redes o seguirán perdiendo clientes y probable que terminen en SERNAC.]
502630 ; 2018-06-04 ; Claro - exceso de ping  ; [hola, soy usuario Claro y contrate un plan de internet , elk cual me da mucho ping (problemas de latencia) la velocidad marca normal pero la latencia del juego es malisima, vivo en puente alto y en varios lugares que e ido y tienen Claro no me a sucedido esto nunca. necesito que me respondan el teléfono por que llamo y llamo y nadie me responde. el plan lo contrataron con otro rut no el mio. pero soy yo quien paga y la persona que es titular llama para servicio técnico y nunca responden.]
502628 ; 2018-06-04 ; Claro Chile - Mentirosos y mala atencion  ; [Estaba en el tiempo de cambiar mi telefono y me dijeron que me darian el s6 o el s7 y no habia minguno de los dos me mandaron al costanera y me trataron pesimo desde que entre como que estaba pidiendole un favor al querer cambiar el equipo y exsigir que me dieran el telefono que me prometieron y despues me ofrecieron el huawei p20 y llego a la sucursal de plaza norte y es la misma atencion me trato pesimo el ejecutivo y  mas encima tenia que pagar por el p20 saviendo que me lo ivan a dar costo cero hasta cuando le siguen mintiendo a la gente yo no estoy para el leseo suyo yo pago por un servicio no le estoy pidiendo fiao meresco una mejor atencion y que no engañen a la gente como fui engañada yo porque yo me cambie a ustedes porque pense que era empresa seria no una falsa y mentirosa que juega con la gente asi mas con clientas de tiempo que se creen y tuve que llevarme otro telefono mas malo y mas encima subir mi plan para llevarmelo a costo cero como se les ocurre como dicen una cosa y uno llega a la sucursal y te dicen otra estan jugando con la integridad de personas que no estan para su leseo son unos sinverguenzas y estoy esperando cambiarme y voy a poner un reclamo a la superintendencia de telecomunicaciones por el trato que me dieron y por mentirme eso es un engaño hacia la gente que cree en ustedes Claro es una empresa que engaña a la gente y trata mal a la gente que tiene planes ahi los humilla uno no les pide favores uno les paga a ustedes no para ser humillados y engañados]
502612 ; 2018-06-03 ; Movistar TV digital - servicio interrumpido sin solución oportuna ; [No tengo servicio de tv digital desde el lunes 28 de mayo (antena removida por temporal en santiago).Solicité ayuda telefónica para que llegue la señal; lo cual no funcionó, Para el martes agendaron mandar un técnico. La antena está sin señal, éste intenta subir al techo del edificio (de 4 pisos), pero le fue imposible. Cabe mencionar que el técnico andaba con uniforme de Movistar y "mocasines".Creo que esta es una falta grave, sin andar con ropa de seguridad.Hablé con su supervisor para que me aclarara qué harían para reponer el servicio. Solución: cambiar la antena al lado norte de mi depto. Esto significa, romper, taladrar, hacer hoyos para los cables. Justamente cuando mi depto está pintado, remodelado.Llamé de nuevo a Movistar exigiendo una solución, desde el 29 de mayo deberían haber venido en 24 horas...aún no aparecen ni responden mi solicitud y espero....Solicité me repongan el servicio, que aseguren la antena, traer alguna escalera o bién subir con arnés al edificio para llegar a la antena. Entendamos que el clima de invierno está más agresivo y deberán asegurar que tenga el servicio que estoy pagando.Anteriormente he tenido largas interrupciones en el servicio, la primera en enero: alrededor de 20 dias, abril 3 dias y ahora llevo 6 dias, aún así sigo pagando las cuentas...¿ quién recompensa este mal servicio? Es muy mala la gestión en la reposición.]
502610 ; 2018-06-03 ; Claro - descuento automático de saldo en prepago ; [Desde septiembre del año pasado que me descuentan saldo cada vez que recargo. fui a la oficina y no me dieron ninguna solución.solo me dijeron que a los sms promocionales que llegaban debía eliminarlos y generalmente ni los abro y los elimino enseguida. llevo meses así, es una  *****a ! y lo peor es que ni siquiera son capaces de dar una solución al ir a la oficina.]
502599 ; 2018-06-03 ; Claro - Actualización recurrente ; [hola mi decodificador aparece un mensaje que dice:, ""hay nuevos servicios disponibles comenzara una búsqueda de canales, este proceso comenzara dentro de 5 segundos y no podrá ser detenido"", pasan 5 segundos como dice en el mensaje y la pantalla se pone negra con un cuadro plomo que dice:""Actualización (código de mensaje 007) "" lo que dura como 10 segundos y vuelve el canal y comienza todo otra vez. Esto sucede hace muchos meses en.los canales nacionales, sin embargo desde la semana pasada comenzó con.todos los canales... y es una.situación muy molesta.]
502576 ; 2018-06-03 ; Vtr Internet - Bloqueo de puertos ; [Necesito q me desbloqeen el puerto 8000.Por q no puedo usar skype.para conctarme con mis familiares en el extranjero.]
502563 ; 2018-06-03 ; Movistar - Mala señal ; [Hace más de un mes que tengo pésima señal!! Las llamadas perdidas llegan en un msje una hora más tarde!!la conexión a internet es malisima.llamo a la sucursal y me dice que el tiempo de espera es mayor a lo habitual, trato de generar mi reclamo en Movistar .cl y tampoco puedo!! Mis pagos están al dia.]
502555 ; 2018-06-03 ; Claro - Mala señal ; [Hola  buenas tardes tengo muy Mala señal no me pesca en ningún lado y soy de la comun de alto hospicio y pago una cantidad de $ 36.000  pesos ilimitado lamentablemente voy a tener que dejar la compañia por malo gracias.]
502554 ; 2018-06-03 ; Movistar - Roaming no funciona  ; [Contratè servicio Roaming con Movistar para europa del este. No se les ocurra jamás contratarlo. No funciona!! Y lo peor es que tampoco funciona el número 611 que se supone que es para que te solucionen los problemas de roaming. Es de lo peor! Pésimo servicio al consumidor. Estas empresas abusan, hacen lo que quieren y lo peor es que les sale gratis! Yo renunciaré a movistar. Seguro que otra que contrate será más o menos lo mismo. En Chile, estamos fregados. De verdad.]
502553 ; 2018-06-03 ; Movistar - Incumplimiento de oferta ; [Oferta ofrecida por la empresa, y no se da cumplimiento]
502542 ; 2018-06-03 ; Entel - No puedo ver cuanto me queda para llamar ; [No sale cuanto me queda para llamar es con plan]
502540 ; 2018-06-03 ; Movistar Y Terra - Cobro indebido  ; [Este mes en mi boleta me salió un Cobro de club Terra, el cual yo no he contratado  . Quisiera que me solucionen el problema ya que he llamado y no dan ninguna solución . Simplemente leyendo  me he dado cuenta qué hat  muchos reclamos por lo mismo Solicito se hagan responsables.]
502535 ; 2018-06-03 ; Clarochile - Recarga no realizada ; [Buenas tardes el dia de hoy realicé una Recarga online con transferencia desde mi cuentarut por un monto de 7 mil los cuales fueron descontados del saldo de mi tarjeta pero no cargados a mi celular. Cual es el paso a seguir? Adjunto imagen , Mi numero es el 982820402]
502532 ; 2018-06-03 ; Entel Pcs - No se puede llamar ni recibir llamadas ; [Estoy desde ayer en la noche intentando llamar y no he logrado hacerlo, no solo yo, también mi pareja que tiene un chip entel no logra concretar llamadas con nadie,Entel se jacta de tener el servicio con mejor señal del pais, pero no está resultando al parecer.¿Estamos pagando por un servicio que no funciona?]
502525 ; 2018-06-03 ; Claro - Boleta con error ; [Los tres planes correspondientes a pagar son de un valor de 15.900, por lo tanto el total debería ser de 47.700, ¿Por qué entonces me aparece en la página de internet un total a pagar de 77.143? ¿Cómo es posible siendo que la Boleta anterior ya fue facturada? Por favor aclaren este asunto, no puede ser que sean tan frecuentes estos casos al interior de su empresa.]
502509 ; 2018-06-03 ; Frontel - Fecha de pago y duda por transporte de electricidad ; [Buenos dias:Quiero saber en que parte de la ley dice que son uds. Los que nos agrupan en fechas de pago y no nosotros como clientes, al igual que en cualquier casa comercial, elegir la Fecha de pago mas conveniente, ya que todos los meses debo pagar mas de $200 porque pago al dia siguiente a la Fecha que uds estipulan., La otra consulta es sobre el transporte de electricidad ya que desde enero a la Fecha me han subido ese cobro un 400%., Marco Torres]
502503 ; 2018-06-03 ; Entel Pcs - Sin señal ; [Nose que pasa! He llamado formateado actualizado y nada. El viernes era prepago y el sabado plan y pesimo estoy sin señal pidiendo wifi. Trabajo con mi celular los dare de baja... me ire a movistar otra vez que terrible son. Cero llamarme de vuelta me cortan las llamadas y lo mejor es que tengo grabador de llamadas para demostrarlo pesimo pesimo pesimo.]
502492 ; 2018-06-03 ; Claro - Plan HD Ilimitado, Velocidad Disminuida de forma unilateral. ; [Por 4to mes consecutivo se me disminuye la Velocidad de forma unilateral, anteriormente por este mismo medio recibí una respuesta y se me reestablecio la Velocidad normal,  Eso fue el mes pasado y este mes  nuevamente recibí una rebaja de velocidad., dejando prácticamente inutilizable el internet en el celular., el reclamo anterior era la siguientehttps://www.reclamos.cl/claro/reclamo/2018/may/claro_plan_hd_ilimitado_v..., Me gustaría saber si esta situación se seguirá dando eternamente,. pues resulta cansador tener que reclamar mensualmente, y lo único que estoy pidiendo es que se respete lo que esta en el contrato que se firmo.. tampoco pido mucho.. , Desde ya gracias. Se despide atte, Un Cliente Descontento.]
502491 ; 2018-06-03 ; Entel Pcs - No puedo ingresar a Mi Entel ; [Hace ya un año que no puedo ingresar a Mi Entel, hace más de 6 meses que hice un reclamo telefónico y nunca se contactaron con la solución.]
502483 ; 2018-06-03 ; Entel Hogar  - No retiro de antenas  ; [Hace 3 meces aproximadamente contrate tv cable con la empresa Entel, la cual hace unos días desistí de sus servicios por el mal funcionamiento de este, solicite que se me retirara la antena de casa, ya que piden la devolución de los decodificadores de igual forma debería retirar la Antena a lo cual se me informó que eso no lo hacen por supuestamente la antena ya es mía no así los decodificadore me parece de mal gusto que obliguen la devolución de los deco a los clientes pero como empresa no son capaces de sacar sus antenas, este servicio aún no lo e cancelado  la última cuota y no lo are si el retiro de su antena no se hace efectivo, ya que tendré que pagar para que la retire un tercero porque los pernos están muy apretado y yo no puedo]
502478 ; 2018-06-03 ; Movistar - Técnico no asiste en la fecha y hora acordada ; [Toda una semana pidiendo q arreglen mi Internet, y me han tramitado en todos los aspectos posibles... Q el problema es de la plataforma y se arreglara en menos de 24 hrs, nunca fue... Dos visitas programadas y nunca vinieron y menos llamaron para una disculpa... Y así toda la semana y nada... Pésimo servicio y puras mentiras y nada y sigo sin Internet]
502475 ; 2018-06-02 ; Entel Pcs - Sin señal ; [El dia de 2 de junio del 2018 llevo más de 5 horas sin señal lo encuentro insolito ya que no puedo llamar y no habido ninguna explicación]
502451 ; 2018-06-02 ; Vtr - No Entregan Lo Que Estoy Pagando ; [Llevo mas de 3 años siendo cliente de VTR pagando mensualmente mas de $50.000 y siempre lo mismo me quedo sin Internet, mi hijo no puede hacer las tareas y yo me quedo sin poder terminar mis trabajos.He reclamado en varias ocaciones y me solucionan el problema vía telefónica pero no pasa una hora y vuelve a caer la señal, esto es inaudito y estamos ,muy molestos. VTR es una pésima compañíaEl mes pasado solicite 2 controles remotos TV, en sucursal en Mall Arauco Maipu, me cobraros $12.000 por dos controles remotos. y no me los entregaron, tuve que reclamar para que me descontaran los controles que nunca me entregaron. Ahora no tengo controles para las TV y tampoco tengo Internet.Realmente molestos con esta empresa..]
502448 ; 2018-06-02 ; Entel Pcs - señal  ; [mi equipo de un momento a otro queda sin señal como es posible que ocurra esto y ya van mas de 3 horas sin servicio y aca en el area donde esstamos a todos les paso lo mismo , sexta regionj chile mina el teniente.]
502425 ; 2018-06-02 ; Claro Chile  ; [Me cambie ayer a Claro contratando un plan, este funciono al siguiente día en la mañana, pero ahora dice SIM no valida, no me puedo conectar a internet ni hacer llamadas,]
502422 ; 2018-06-02 ; Vtr - Cobro de boleta completo con 10 dias de servicios ; [El motivo de este reclamo es por que el dia 15 de mayo 2018 contraté servicios de cable por 20.990 con VTR. 10 dias después me llega boleta con vencimiento de 05 de junio de 2018 monto a pagar 24.980. En el detalle me cobran dias proporcionales del mes anterior ( que nunca tuve VTR)  un chiste. Llamo a sucursal intento comunicarme con ejecutivo durante horas y nadie contesta. PESIMO PESIMO SERVICIO.]
502418 ; 2018-06-02 ; Vtr - Mal servicio ; [Quisiera reclamar frente al servicio de cable de la empresa VTR pues habitualmente fallan muchos canales que aparecen con el constante mensaje de « temporalmente fuera de servicio, regrese más tarde», sin embargo, permanecen sin servicio y así y todo te siguen cobrando el mismo monto por un servicio que no estás recibiendo completo. Y al consultar nadie es capaz de darte una respuesta adecuada y concreta pero para cobrarte no fallan ni te descuentan ni un peso por el servicio a medias que te prestan]
502417 ; 2018-06-02 ; Movistar - Mala reparación de servicio de Internet ; [Ayer vino al condominio donde vivo el tecnico Sr. Carrizo (camioneta patente JTYP17), de la empresa Ureta y Arqueros limitada (contratista de Movistar), a realizar una reparación de Internet a una de las casas. Como no fue capaz de realizar la mantención solicitada, desconectó el Internet de mi casa para conectar la otra. Al pedirle que revirtiera su error, el técnico se negó a realizarla debido a que no era capaz de corregir los problemas y posteriormente huyo del condominio. Llama la atención que Movistar contrate a empresas que tienen técnicos que no cuentan con las competencias para reparar y mantener los servicios que Movistar ofrece.Les agradecería que me ayuden con las gestiones para que Movistar repare a la brevedad el error cometido por una de sus empresas contratistas., Cordiales saludos,, Luis Enberg Gaete12.961.813-2]
502398 ; 2018-06-02 ; Mundo Pacífico - 1 mes sin Internet ; [Hace un mes, solicité una reinstalacion de mi servicio de Internet por cambio de domicilio... Dicha instalación supuestamente demoraría como máximo una semana.En esa semana no se realizó la instalación debido a "problemas de gestión" con el jefe de los técnicos de instalación. Se prometió que en el plazo de 4 dias se realizaría la. Instalación... Así, la misma historia una y otra y otra y otra vez... Ya he ido mas de 10 veces a la sucursal a presionar para la instalación. Se supone que hoy era si o si el último día para la instalación y de nuevo no vinieron.]
502392 ; 2018-06-02 ; Movistar - No dan de baja servicio cuando es requerido ; [El 25 de mayo de 2018 cambie mi plan básico de $9.990 a uno de $39.990 plan multimedia libre + equipo,el tema es que jamas revcibi el equipo y me activaron aun así el plan y mas me agregaron una deuda de $3.990 del supuesto despacho del equipo.hoy dia con fecha 2 de junio de 2018 aun no me dan de baja el servicio,llevó 8 dias y aun nada,incluso fui a la sucursal y solo me comunicaron el ejecutivo por vía telefónica con el área especializada y según el ejecutivo dentro de las 2 a 24 hrs habilites se le dará de baja y nada,osea que tipo de servicio y personal tienen.]
502385 ; 2018-06-02 ; Claro  - Eliminación de número sin aviso ; [Tenía un plan en Claro que por problemas enconómicos no pude seguir pagando, se.me dio de baja el servicio cosa que es obvio, pero el día de hoy me encuentro sin señal y sin mí número, el cual fue eliminado.Encuentro que es una falta el eliminar número sin aviso y sin consentimiento, ya que el número es mío y no hay derecho a eliminarlo , ahora no puedo ni siquiera recibir llamadas,correspondía bloquear el equipo y no eliminar el número que es de mí propiedad no de ustedes, ya que más encima hice portabilidad.No me interesa una respuesta de ustedes mencionando que tengo boletas impagas y sus montos porque eso ya lo sé, lo que necesito es que me devuelvan mí número y me da lo mismo si bloquean el teléfono.]
502377 ; 2018-06-02 ; Claro Chile - Saldo promocional  ; [Hoy recargué $5000 a mi prepago Claro y según la página de Claro Chile tengo $2000 de Saldo promocional por 10 días, y no los recibí. Igual caso pasó ayer con una recarga de $5000 al celular de mi esposa, en el cual tampoco recibió tal Saldo promocional. Favor solucionar ese inconveniente a la brevedad.]
502350 ; 2018-06-02 ; Claro - Sin Internet por 3 dias ; [Buenas tardes mi recelo es que llevo 3 dias sin Internet de Claro e llamado y ma dan puras mentiras que el técnico va para su casa que te llamaremos en 2 horas Y puras mentiras de esas y al final nada llamamos y llamamos y los ejecutivos no tiene nada de idea de lo que sucede son unos ineptos que solo saben cobrar]
502344 ; 2018-06-02 ; Entel  - Dar de baja entel hogar ; [Ayer mi mamá llamo para dar de baja el servicio de hogar ya q hemos tenido muchos problemas con el servicio y por el motivo que mi mama se equivocó en el rut no le dieron solución y la derivaron a una sucursal siendo que yo pregunté cómo era el procedimiento y me indicaron que solo se debía llamar estamos súper desconformes con el servicio como la atención de los ejecutivos a cómo es el servicio de hogar ya que pasábamos sin señal espero una respuesta lo antes posible]
502322 ; 2018-06-02 ; Claro Chile - Diferencia de velocidad contratada y real ; [soy cliente nuevo de Claro y tengo problemas con la velocidad contratada de internet hogar, yo contraté 100mb y con suerte llegó a un promedio de 35mb. De hecho cuando instalaron el servicio el técnico nunca llegó a superar los 50mb de bajada indicando que en unas horas se solucionaría y hasta la fecha nada. La medición la hago por cable. Solicite ayuda a Claro e indicaron que iría un técnico, el cual no llegó. Ojala alguien de solución.]
502314 ; 2018-06-02 ; Claro - Lentitud de red ; [contratados 30 mb con fibra óptica, conectado a través de un cable LAN llegan 2,5 mb sin otro dispositivo conectado, por wifi la velocidad es muy lenta tanto que ni para abrir imágenes en 2 mp sirve. no es zona roja y es obvio que si son 30 mb llegara menos subida y menos bajada pero nunca tan poco. en fin se siente mas una  *****a  que cualquier otra cosa.]
502313 ; 2018-06-02 ; claro chile.cl - reclamo por engaño en venta de planes ; [en enero de este año 2018, una ejecutiva se contacta con con mi señora para ofrecerle el 2 x 1 por un costo de 18990 ambos planes. En marzo mi señora llama porque la cuenta no llegaba ni a nuestro domicilio ni al correo, se le informa que tuvieron un atraso y q nos llegara lo mas pronto posible.  En abril mi señora cancela 38990 pensando que eran dos meses los que estaba cancelando por el atraso de la boleta.  El mes pasado mayo va a cancelar la cuenta y le dicen que debe 38990 mi señora les dice porue estaba pagando dos meses de nuevo y le dicen que tenemos planes separados .dos planes de 19990 cada uno les informamos en una sucursal que eso no es asi que se equivocaron porque lo que habiamos contratado eran los planes 2 x 1 que ofrecian en enero y se mantuvieron en que no que eran dos planes separados pero no dan ninguna informacion se les exigio el contrato que sabemos no firmamos pero al pedirles la grabacion nos salen con que tienen una duracion de 1 a 2 meses lo cual nos hace imposible por ahora escuchar la oferta que se nos dio.]
502312 ; 2018-06-02 ; Claro - Quitar un canal ; [Señores de Claro ya llevo tratando mas de una semana comunicarme con ustedes para Quitar un canal y nada para que no me lo facturen este mes pero no contestan x ningun medio necesitp una solucion ahora yaaa el canal que quiero Quitar es el fox sport premiun necesito solucion]
502311 ; 2018-06-02 ; Claro Chile - Información inconsistente ; [EstimadosEn noviembre del año 2017 me cambie a Claro con portabilidad numérica más equipo costo cero y un plan XL de 25.990 mensual con la condición de que cumplidos los 6 meses de arriendo podríamos cambiarnos de plan a uno más bajo. Dado que el arriendo es por 18 meses. Si cancelaramos 25.990 los 18 meses excederíamos el costo de equipo pagando 1 millón de pesos por un plan que no utilizamos totalmente. 32 GB de navegación.Quise efectuar este mes el cambio de plan y la ejecutiva telefónica me dijo que para hacer el cambio debía cancelar un cobro por penalización de incumplimiento de contrato de 58.000 pesos más el mes del plan es decir 55.000 por las dos líneas (en total mas de 100.ooo pesos). Le dije que esa Información no fue la que me dieron al momento de contratar el plan. Llamé a la vendedora, Carla, que hizo la venta con nosotros y no contesta. Solo me contestó al wsp diciendo que debía decirle a ella primero, pero no ha dicho nada más y no contesta.Quiero que solucionen esto porque yo no voy a cancelar los 58.000 de penalización porque eso no fue lo que acordamos en el contrato., Espero su respuestaSaludos cordialesBelén Ramírez]
502304 ; 2018-06-02 ; Claro - Generan el contrato de la venta a nombre de quien ellos quieren para ganar la comision ; [En un principio mi papa da de baja un servicio de internet Claro hogar el cual se efectuo supuestamente todo “correctamente” con retiro  de modem incluido., Meses despues toma contacto con Claro para contratar el mismo servicio de internet hogar pero ahora con más megas de navegación a lo cual le responden que no puede quedar a su nombre y hay que generar un nuevo contrato a nombre de otra persona (lo que a ella le genera ganancia de comision) por que en el sistema les aparece que el modem del servicio anterior no habia sido devuelto lo cual era erroneo ya que este si lo habian venido a retirar y tenia la guia que avala esto, lo cual se lo hace saber a la señorita que le atendio y ella le dice ira un tecnico a la casa retirar el modem al cual yo (que era quien se encontraba en la casa) le muestra la guia del retiro del modem (ya que no tenia el modem) quedando todo Ok para que el contrato quede a nombre de mi papá (solo modificar el del servicio anteriormenteContratado que era de menos megas ) y quedaron en que ella se pondra en contacto conmigo (mi papa dio mi numero) para coordinar la fecha de la  instalacion del servicioSe pone en contacto conmigo y me pider el rut diciendome que es para “confirmacion de datos” a lo cual le doy mis datos y esta señorita genera un nuevo contrato a nombre mio (lo que le hace ganar comision por una nueva venta)Y la instalacion del servicio la realiza el mismo tecnico el cual habia ido a “retirar el modem”Lo me genera una gran molestia ya que Generan un contrato a nombre de cualquier persona solo para poder ganar una comision sin importales a nombre de quien quede el contrato]
502298 ; 2018-06-02 ; Movistar - Pésimo servicio técnico y CallCenter ; [Este ultimo tiempo llevo mas de 7 veces con corte en el servicio de telefonia fija e internet.  Cada vez que un técnico de Movistar realiza una reparación para algunos de los departamentos de vecinos, hecha a perder la telefonia e internet de mi departamento.  En varias ocasiones me he encontrado con los mismos tecnicos que han ocasionado el desperfecto y les he solicitado que solucionen el problema que ellos mismos han ocasionado, pero la respuesta es que no pueden hacer nada y necesariamente se debe  llamar al call center para solicitar la reparación.  Despues hay que esperar entre 3 a 4 dias que aparescan nuevamente para dar solución al problema.  Esto se ha repetido 7 veces,  esta ultima el tecnico programado no se presento y solo llamo que debia derivar a planta externa y eso significaba 4 dias mas.El call center no entrego ninguna solucion y puras aspirinas lo mismo que el área comercial, pésimo, pero muy Pésimo el servicio y lo mas ridiculo que despues del mal rato donde no te solucionan nada,   te finalizan ofreciendo servicios adicionales,.. como que no entienden nada el nivel de molestia y cero compromiso con el cliente., MOVISTAR Y SU GENTE PESIMO]
502295 ; 2018-06-02 ; Movistar - Velocidad baja en 4g ; [Hace dias que llevo problemas con la Velocidad del 4g en Movistar llamar al servicio técnico es perdida de tiempo... El 4g de moviestar con suerte corre a 1,5 mbs (ojo con el coma).  A la final te venden la pomada porque 4g nunca fue. , Tengo todos los test de Velocidad con sus fechas en el adjuntare.  No te portes o no contrates Movistar porque solo se ríen del pobre.]
502291 ; 2018-06-01 ; Vtr - Mal servicio ; [Desde que contratamos vtr. cable e internet, Ha sido una porqueria. Todos los dias sin   servicio de ambos productos. Muy arrepentidos. Nos cambiaremos.]
502266 ; 2018-06-01 ; Movistar - Cobro indebido ; [Me están cobrando bolsas de internet por un valor de $10.000. que nunca solicité, teniendo un plan limitado de llamada en telefonía y 25 gb de internetUnos sinvergüenza.]
502261 ; 2018-06-01 ; Movistar - Sin servicio  ; [Movistar me tiene sin televisión desde el Lunes 28-05-2018 y no me dan soluciones sino hasta el 05-06-2018., Me parece una falta de respetó y poca preocupación por sus clientes.]
502247 ; 2018-06-01 ; Movistar - Aun no me cambian a fibra optica ; [Hola soy diego rojas .millan Rut 11097094-3 y aun espero que me cambien s fibra .opticaEn mi domicilio gracias reclamo por que espero que me den una fecha .determinada]
502244 ; 2018-06-01 ; Mundo Pacifico O Pacifico Cable - Cambio de clave wifi ; [Hola quisiera poder cambiar la clave de mi wifi  urgente grasias]
502240 ; 2018-06-01 ; Claro  - Mala cobertura ; [Tengo un celular prepago iphone 5s , tenia buena cobertura y deje de recargarle dinero por unas semanas y ahora recargado denuevo tiene muy Mala señal , tenia 4g antes y ahora solo 3g y baja señal todo el día]
502233 ; 2018-06-01 ; Claro - SPAM telefónico ; [La empresa Claro tiene prohibido, mediante servicio "no molestar de SERNAC" realizar llamadas publicitarias a mi teléfono, sin embargo no han respetado la prohibición. He ingresado tres reclamos ante el SERNAC por esta situación. Además de más de cinco veces que solicite el servicio no molestar. Pero no respetan., El bot que tienen respondiendo en este foro no sirve de nada. No respetan a nadie, no se cambien a esta compañía!]
502227 ; 2018-06-01 ; Telefónica Del Sur - No cumple velocidad contratada ; [Tengo un plan de 50 MB y no llega ni a 20 MB además se supone que por su aniversario subieron mi velocidad a 125 MB que nunca fue. Pésima y monopolica empresa en condominio el bayo de Valdivia]
502222 ; 2018-06-01 ; Vtr - Internet Lento y Mala Calidad ; [Estimados Sres, por medio de la presente solicito de su ayuda en acelerar la reparación y solución a la lentitud de internet que ofrece VTR que hasta el día de hoy no se ha concretado. Tengo contratado un servicio de internet de 400MBps con VTR en Iquique, Dr Neghme 2257 y desde hace aprox. 6 meses que he tenido inconvenientes tanto en la estabilidad como en la calidad, ya que no he podido conseguir navegar a la velocidad contratada y al jugar online o reproducir un contenido en Netflix no es lo esperado. Siempre pago mi cuenta dentro de las fechas establecidas., El uso que le doy a internet en mi domicilio es: Netflix, Juegos Online, Navegación y Descargas de archivos. Cuando reproduzco un contenido en Netflix hay veces que la resolución HD baja a SD y vuelve a subir a HD y luego baja a SD, esto es una clara señal de estabilidad y calidad. Juego Online desde la PS4 y la calidad de transmision es mas que mala, el juego se ve lento y atrasado sin posibilidad de continuar jugando. En descarga de archivo y navegacion no tengo problemas.,  Por favor, necesito que se aplique algún tipo de sanción o multa, ya que no me han dado solución hasta el día de hoy., Gracias..]
502221 ; 2018-06-01 ; Directv - No Me Permiten Dar De Baja Mis Servicios ; [Llevo 1 semana intentando dar de Baja el servicio con directv. Cada día llamo y me contestan me solicitan mis datos para verificar mi persona y me transfieren a la supuesta área para poder dar de Baja el servicio, es aquí cuando me quedo esperando mas de 20 minutos, momento en el que deja de sonar toda propaganda y la linea queda muda. En solo una oportunidad logre que me contestaran en este re direccionamiento pero después de 5 minutos de validar mis datos nuevamente la persona me dijo " la empresa se encuentra con algunas actividades en estos momentos, llame dentro de 20 minutos" y me colgaron.. Ya es viernes y necesito dar de Baja el servicio que poseo con la compañía.. , Fui a la sucursal de Stgo. centro (Huérfanos 1121) y me dijeron que solo la atención al cliente para dar de Baja los Servicios se realiza vía telefónica y me facilitaron un teléfono en el cual nuevamente estuve 20 minutos hasta que la linea quedo muda., Opciones vía telefónica para el flujo de atención, OPCIÓN 1OPCIÓN 2INGRESE RUTOPCIÓN 1OPCIÓN 3ENTREGA DE DATOSESPERA ETERNA]
502218 ; 2018-06-01 ; Cmet - Sin cables  ; [Día Viernes 01 de Junio 2018 sin cable, internet muy lento todo el día]
502217 ; 2018-06-01 ; Mundo Pacífico - Me estan cobrando dos boletas  ; [Bueno mi reclamo es porque no twngo ni un mes en el sevicio y me estan cobrando una boleta saldo anterios de 13 mi y algo y una boleta de 44 mi ase si el serbicio que yo puse es de 29990]
502200 ; 2018-06-01 ; movistar - sin servicio de internet mas de un mes ; [llevo mas de un mes sin internet en mi domicilio ni teléfono fijo llamo todos los dias al teléfono de reclamo y he ido a las oficinas a poner los reclamos, pero nadie me da solución esto es en larapinta Lampa,]
502196 ; 2018-06-01 ; Claro Chile - Compra en tienda virtual ; [Compré un teléfono el día lunes 28 de mayo por la plataforma virtual. Hasta el día de hoy aún me aparece que el pedido está en proceso, es decir ni siquiera aún lo han facturado. Llamo a la compañía y sólo me transfieren entre distintos departamentos del call center y nadie me da una solución, o al menos una respuesta, de hecho uno me dijo que volviera a marcar y apretara opción 3, volví a marcar y sólo habían dos opciones. El dinero que no es menor ya ha sido descontado de mi tarjeta, y no responden tampoco ningún tipo de correo electrónico. Espero al menos una respuesta informativa, y me da lo mismo si me cobran el despacho, pero me dicen que puedo ir a buscar el teléfono a una sucursal.]
502192 ; 2018-06-01 ; Entel Pcs - No se puede consultar saldo desde celular ; [Tenía la costumbre de acceder al código *103# o al número 103 para revisar si tenía saldo en el teléfono, Entel te enviaba un SMS con tu saldo., Ahora te dice que tienes que visitar la dirección www.entel.cl/lite. Vi en un PC que tiene que ser con el wifi desactivado. Con la conexión de datos activada carga el sitio, pero luego sale un ícono de Entel como si estuviera cargando, luego te piden llenar una encuesta, y finalmente no pasa nada. , Mediante el código *119# compré una bolsa de datos y el problema sigue siendo el mismo. Se queda en el ícono para siempre y ya lo he intentado en varias ocasiones. , Al final no puedo consultar el saldo de mi teléfono desde el mismo celular de forma gratuita al menos una vez al día.]
502187 ; 2018-06-01 ; Claro - mala señal de internet ; [hola buenes tardes tengo problemas con la velocidad de internet mi dirección es Uribe 1316]
502172 ; 2018-06-01 ; Claro Chile - No tengo servicio ; [El pago  fue efectuado ayer a las 6  y no an reconectado la lenia le mando el comprovante del pago para que por favor pueden ayudarme con eso]
502169 ; 2018-06-01 ; Entel - Cobros Abusivos ; [Por problemas económicos me veo obligada a cambiar mi plan de telefonía celular, apelando a Entel que se respeten valores entregados en conversación con ejecutiva "extranjera" que corresponden a $19.990 mas $4.000 haciendo la suma de $25.000 aprox.- Realizo reclamo Sernac y en Entel y hoy 01-06 me llaman y me indican que  debo cancelar la totalidad de los Cobros que me realizan que son casi $31.000 aprox y mas.-En este minuto estoy demandada por millones de pesos y no cuento con el dinero para cancelar mi plan.-Me tienen "atadas de manos ", ya que el contrato es por 18 meses y recién llevo cancelado 8 meses.-Me siento tan vulnerada en mis derechos, ya que las EMPRESAS  GRANDES nunca pierden siempre ganan., uno como simple mortal no "tiene ni pitos que tocar", te jodiste y es lo que ellos dicen.-ENTEL ES UNA EMPRESA MULTIMILLONARIA......Y SACA PROVECHO DE LOS INGENUOS COMO YO.-]
502158 ; 2018-06-01 ; Claro chile - Siguen mintiendo ; [Hace unos dias publique un reclamo contra Claro chile pir esta vía, felizmente me contacto un srta de su area de reclamos (America Genoveva Guarda Canales) quien me indico, a travez de correo que haría las gestiones de eliminar cobros indevidos en mi boleta y que me contactaria pronto. Con esto me quede tranquila, con esto ya veia solucionados mis problemas. Resulta que la srta nunca hizo nada, nunca se regularizo mi boleta, es mas, le escribi por correo 2 veces y nada, desapareció., Me vi obligada a pagar un boleta con montos excesivos, por que me cortaron el telefono y cuando marxaba la opcion 103 solo me decia "presione 1 si ya pago su deuda para poner en aviso y puedan activar los servicios nuevamente" basicamente o pagaba o no podia seguir alegando., Definitivamente de vuelvo a wom]
502154 ; 2018-06-01 ; Claro ; [hola tengo problemas con el Internet, tengo un plan de 50 megas pero es super lento y al hacer un test de Velocidad no supera los 2 megas de subida,me llamaron que irían el miércoles 30 de mayo entre 1 y 4 pm y pedí permiso en mi trabajo para estar en el departamento y no llego ningún técnico; llamo y me dice que el nro esta desconectado que intente mas tarde; que debo hacer para que me solucionen esta situación porque me imagino que me llegara la factura como si yo disfrute del plan de los 50 megas cuando en realidad no logre hacer uso del plan completo por lo lento para navegar.    Espero que puedan resolver esto.]
502129 ; 2018-06-01 ; claro.cl - Dar de baja servicio de  TV  antena ; [se realizan, tres llamadas para dar de baja el servicio.Ofrecen  para no dar de baja :Pre -pago,  tres meses de suspensión  sin pago. Luego enviar un formulario para reenviar ,con fotocopia de cédula de identidad.En otra oportunidad quedaron de mandar formulario para realizar trámite  y este no llegó en el plazo correspondiente.Entonces ¿ Sólo hay que dejar de pagar?Se dejó de usar el servicio el 31/05/2018 ,. Hoy  1/06/2018,  no está siendo utilizado el servicio ,de TV ANTENA.CON FECHA  31/05/2018.  SE DEJÓ DE  USAR, servicio DE TV  ANTENA..]
502124 ; 2018-06-01 ; Entel - Internet baja ; [A princioio de mes, en mi casa pedimos que el Internet hogar de entel lo subiedan a 8 mb, el tema es que el dia de hoy tendria que haber llegado esa subida de Internet y solo recibimos 5 mb de descarga, una  *****a .]
502123 ; 2018-06-01 ; Vtr - Cobro por servicio que no funciona ; [Tengo visor de llamado para el fono fijo y desde Julio 2017 no funciona por problemas de configuracion del router.  Sin embargo me lo han cobrado desde esa fecha en adelante.En la mesa telefonica de VTR, solo me ofrecen 3 meses de descuento. Esto es un abuso]
502118 ; 2018-06-01 ; Vtr - solicitud de servicio no cursado ; [en el mes de mayo, vtr lanzo una promocion para contratar un extensor de la señal wifi por $1.990 sin costo de instalacion, el cuall solicite, no se comunicaron conmigo y nunca se habilito el servicio.. consulte mediante el chat de vtr, señalandome que se iba solicitar que se contactaran conmigo, pero nuevamente no lo hicieron, volvi a solicitar el servicio hasta 4 veces mas, llame en reiteradas oportunidades, y consulte por el chat de la pagina web, siempre me decian que se iba a gestionar la habilitacion pero nunca se contactaron conmigo y asi termino el mes y probablemente la promocion y sigo sin que se haya realizado el servicio, cabe decir que cada vez que lo solicite por la pagina web la solicitud duraba unos dias y la eliminaban.]
502100 ; 2018-06-01 ; Claro Chile - Instalacion pendiente ; [Hola ASE dias k me dicen k vendran a poner cable y no pasa nada yamo y siempre cn la escusa k vendran al otro dia y no pasa nada aun y cuando yamo de nuevo me pasan a un operador a otro  muy malo sus servicios.]
502084 ; 2018-06-01 ; Claro Chile - Deficientes canales de atención  ; [La tienda online de Claro Chile tiene como único medio de contacto el mail Tienda@clarochile.cl, el cual jamás responden, esto lo pueden verificar en la web de reclamos. Cl donde muchos reclamos mencionan que este medio no funciona. Lo mismo ocurre con Facebook, que solo responden "danos tus datos para ayudarte" y luego deliberadamente no responden, pues si han respondido a otros clientes y hacen publicaciones, pasando por alto las consultas que he enviado.La consulta es por un equipo comprado el lunes, y que aún aparece "en proceso" desde ese día. Necesito saber que día va a llegar ek equipo para coordinar quien lo reciba en ni domicilio. Nro orden 100030245.Por favor, establezcan canales de atención serios, que estén a la altura de la cantidad de clientes que tienen.Gracias!]
502053 ; 2018-06-01 ; Claro - Incumplimiento de contrato ; [Estimados, El Año pasado contraté un Plan de datos Ilimitado hd en Claro, un Plan sin restricción de Gigas ni Umbral máximo de navegación, Claro hace dos meses que comenzó a enviar alertas en sms sobre el consumo del umbral de navegación y de como iba a bajar la velocidad de internet sin respetar el contrato firmado  que NO tenía limites., - Si no resuelven el problema, iremos todos a poner un reclamo a la Subtel y Sernac por Incumplimiento reiterado de contrato a miles de usuarios.]
502051 ; 2018-06-01 ; Entel PCS - No puedo usar mi dispositivo en otros países ; [Compré un iPhone usado en un sitio web, pero cuando inserté la tarjeta SIM, indica "SIM inválida" y no puedo activar el iPhone. No supe hasta la consulta de que el dispositivo fue vendido por Entel PCS y solo puedo usarlo en Chile. No puedo descubrir cómo desbloquear mi dispositivo y ponerlo a disposición globalmente en el sitio web de Entel PCS. Quiero desbloquear mi dispositivo disponible en mi país., I purchased a used iPhone in a website, but when I insert the SIM card, he prompts "SIM invalid" and I cannot activate the iPhone. I did not know until the inquiry that the device was sold by Entel PCS and can only be used in Chile. I can't find out how to unlock my device and make it available globally on Entel PCS's website. I want to unlock my device available in my country.]
502041 ; 2018-06-01 ; Vtr - no dan el servicio acordado ; [Segunda vez que reclamo por lo mismo, se contactaron para "resolver" el problema pero nunca se llego a nada concreto...  Estoy pagando por un plan de 200mbps. luego ire a sernac.]
502038 ; 2018-06-01 ; claro chile - mala señal , mala cobertura . mala atención ejecutivo  ; [Estimados el día 23 de Mayo realice una portabilidad a Claro chile , telefonía celular como empresa. aparte me dieron un equipo costo cero samsung j7 prime, todos los días tuve una pésima cobertura de señalen mi domicilio no tenia señal y debía salir al patio para hablar por teléfono , se sentía interferencia al hablar .trate de llamar al 103 como 10 veces sin poder comunicarme, se cortaba la llamada , , El día 31-05-2018 fue a la sucursal que esta ubicada en san bernardo  avenida colon / con Eyzaguirre. , espere 2 horas para una atención , le explique a la ejecutiva el problema que tenia de señal y lo perjudicial que era para mi por ser un  teléfono empresa  que ,e perjudicaba el  contacto con los  clientes .Le pregunte que si podían cambiar el aparato ( celular ) por otro modelo o marca para ver si era problema de marca de celular y modelo , que era raro que ni siquiera me mostraba el 4G en el celular. la respuesta de la ejecutiva fue que no se podía ,y que tampoco sabia porque el celular no mostraba el 4G le dije que entonces renunciaría al contrato si no me daban una solución y al parecer lo mas fácil para el ejecutivo fue terminar el contrato .como experiencia personal super mala la compañía , respecto a la solución de problemas, cobertura y atención de la ejecutiva .tendré que esperar 60 días para portar mi numero a otra compañía de telefonía porque no puedo portarme inmediatamente. , resumiendoquede sin una buena compañía de telefonía, sin una efectiva solucionquede sin celulary sin poder portarme a otra compañía con un mejor servicio]
502036 ; 2018-05-31 ; claro - Velocidad de subida de internet con problemas ; [Nuevamente los mismos problemas con esta compañia. Ya tuve que concurrir nuevamente a esta plataforma para hacer valer mi reclamo y mi problema, dado que la misma compañia a la que mensualmente debo pagarle no es capaz de resolverme el problema. Tengo un plan de 50 megas el cual por contrato como minimo debo de tener hasta 40 megas. Al hacer un test de Velocidad no supera los 4 megas de subida, nisiquiera es un 10% de lo que deberia de tener. Espero que puedan resolver esto. Soy de la comuna de renca (En el caso de que alguien mas tenga el mismo problema y se pueda adherir al tema.)]
502035 ; 2018-05-31 ; Direct Tv - Malas practicas ; [Llevo una semana tratando de renunciar a directv.  Llamo y llamo me dejan en espera 30 minutos me comunican y después me dejan en espera. 30 minutos más y de corta la grabación, mañana voy a presentar el reclamó al sernac es una falta de respeto y ina frescura. Tienen una grabación exclusiva para los que pretendan dejar la compañía.]
502032 ; 2018-05-31 ; Claro - Plan Ilimitado HD ; [Primeramente quiero decir que tengo 4 meses con este Plan desde hace 2 meses por ""cambios en sus politicas" estoy presentando problemas en el ancho de banda de descarga, cuando contrate este servicio me ofrecieron NAVEGACION ILIMITADA SIN LIMITES NI RESTRICCIONES por eso mismo lo contrate, cuando llamo al 103 o me comunico a traves de las redes sociales mandar a hacer pruebas TONTAS cuando el origen del problema es su configuracion y el establecimiento de un limite, lo que hacen es hacer perder el tiempo, sea respeetuosos con el consumidos y cumplan las condiciones pactadas al momento de la contratacion, aun cuando entro en mi sucursal en descripcion de Plan describeAdemas incluye Ilimitados SMS a todo destino, Ilimitados GB para navegar en internet en cualquiera de nuestras redes (4G, 3G y 2G).]
502026 ; 2018-05-31 ; Claro - desactivas claro video ; [Necesito desactivar Claro video pero al llamar al numero que se indica, me dicen que este no existe.]
502025 ; 2018-05-31 ; Entel PCS - Mala calidad en zona rural. ; [Es un asco la velocidad de red que tengo. Pago $3500 por una bolsa supuestamente ilimitada que realmente no puedo utilizar. Digo supuestamente porque la velocidad de descarga es tan miserable que ni siquiera puedo ver un video de YouTube en en 240p. Olvídate de descargar 100MB porque esperar 400 minutos es poco. Me parece una burla y un abuso. El servicio es ASQUEROSO. Se preocupan de darle una buena cobertura a las zonas urbanas mientras que a las rurales nos tienen con menos que las sobras., Me siento estafado porque la boca de Entel para decir que llegan a todos lados es muy grande. A donde llegan? si su calidad se limita al area y periferia urbana. No se que hacer, lo probé en mi Modem USB y en mi telefono. En ambos dispositivos el resultado fue similar. Ambos aparatos funcionan con una amplia banda de redes, por lo cual probe banda por banda y todas funcionaban mal. Un cero entel. Ni para YouTube vale. Es plata muy muy malgastada. , Adjunto las fotos de la velocidad del internet "ilimitado". Deberían aclarar que lo ilimitado es la decepción al usarlo. , PD: 0.24 mps de descarga. Una verdadera toma de pelo.]
502011 ; 2018-05-31 ; Claro Chile - No responden llamada WEB ; [Quiero portarme a Claro mi número con un plan y equipo, inserto los datos para que me llamen inmediatamente, pero cuando me llaman y contesto, se queda en silencio, pero se escucha como hablan bien al fondo de la llamada y el microfono suena un poco, mala atencion de los ejecutivos, número de donde llaman y no responden NADA 2659 4900]
502004 ; 2018-05-31 ; Claro Hogar - Internet Hogar No Navega A La Velocidad Contratada ; [mi reclamo es el siguiente: en el condominio donde vivo solo tenemos la opción de tener el servicio de Claro hogar, el problema viene desde el primer dia que contrate el servicio ya que la Velocidad Contratada de Internet a ciertas horas del dia no Navega a la Velocidad contratada, esto pasa entre las 18:00hrs y las 01:00hrs ya que a esa hora comienzan a llegar los ocupantes de las otras viviendas, he tenido desde 20mb - 50mb y ahora 100mb, me han cambiado el router en varias ocasiones pero el problema persiste pero el problema es el nodo de coneccion ya que se satura ya que en los horarios descritos están todos conectados, solo después de la medianoche ya se puede navegar mas rapido pero lo mas gracioso que la cuenta la tengo que pagar igual y la empresa Claro no hace nada por reparar sus nodos de conexión y terminar con este problema de una vez por todas, en la foto adjuntada esta el test de Velocidad realizado a las 20:00hrs. que ni siquiera alcanza los 20mb de conexion y tengo contratado 100mb hasta el dia de hoy han sido numerosas las veces que he reclamado. espero que ustedes puedan hacer algo para solucionar este problema que no es mio solamente ya que pasa en todos los departamentos del condominio. si al fin y al cabo  estas empresas son unos sinvergüenzas porque el servicio lo cobran igual y no entregan lo contratado así que exijo que se me descuente en la boleta todos los meses y años que he pagado por un mal servicio.... lastima que no me pueda cambiar]
501987 ; 2018-05-31 ; Movistar Y Terra - Cobro indebido ; [Favor demuestren que son una empresa seria y eliminen mi suscripcion falsa a terra. No pienso pagar por algo que no he solicitado...si creen que ganan con estas  ******s  estan equivocados.....solo pierden clientes...revisen mi historial y se van a dar cuenta que solo me queda un servicio con Ustedes de 4 que tenia.]
501962 ; 2018-05-31 ; Claro - Me quitaron mis gb de navegación libre  ; [Primero me quitaron 92 gb acumulados luego hize un reclamo y me de volvieron 30 gb y despues me quitaron y me los dejaron en 8 que injusto esto que hace claro]
501954 ; 2018-05-31 ; Claro Chile - Tienda online estafa ; [El 16 de mayo realice una compra de dos Huawei mate 10 lite, los cuales cancele con tarjeta de crédito, la empresa estipula que serán entregados dentro de 7 días hábiles, los cuales se cumplieron el 28 de mayo, me comunico con el call center para tener información sobre el despacho, las tres veces que me comunique me cortaron la llamada, envie un correo a el correo que se estipula en la pagina (ya que no tienen numero de contacto ni opciones en la operadora) y no me respondieron, me acerque a la sucursal del plaza oeste y me indicaron que tendrían que escalar el problema y que se comunicarían conmigo, lo cual no ha ocurrido, envié un correo a un ejecutivo de la misma sucursal solicitando información, tampoco ha respondido, me siento estafado por Claro, ya que uno confía en una compañía de "renombre" esperando que todo sea rápido y confiable, y ya me encuentro con la cuota de los equipos facturada y sin los producto, y nadie sabe nada.]
501948 ; 2018-05-31 ; Claro - Siguen hostigándome ; [Desde hace varios meses me llaman todos los días ofreciéndome sus planes, y les he contestado que no me interesa, que dejen de llamarme, les corto y me vuelven a llamar a los minutos preguntandome porque les corté. Me tienen enferma con sus llamadas, puse un reclamo hace un tiempo atrás donde les exigía que dejaran de hostigarme, o pondría acciones legales, me respondieron y dijeron que ya no me llamarían más, que eliminarían mi número del sistema, y resulta que hoy, vuelvo a recibir sus llamadas... No me queda otra opción que proceder ante la ley, ya que lo que haceb es ILEGAL!]
501932 ; 2018-05-31 ; Claro - Mala atención ; [Me inscribí en Claro Chile, me llamaron di mi dirección Itata 688 Chillan, despues de un momento me dicen que sólo aparece Itata 680 y 685, como no aoarecen no me pueden dar servicio hogar. Voy a la sucursal de Chillán, la persona que recibe para entregar número de atención, me pregunta lo mismo y ni siquiera me permite hablar con ejecutivo. C ómo es posible que el número no aparezca, si aparecen 2 números en la misma cuadra no pueden ver si hay servicios en mi domicilio. Gracias]
501918 ; 2018-05-31 ; Entel  - Dos días Colliguay sin servicio ; [Los usuarios de Entel en Colliguay (sector rural de Quilpué) llevan dos días incomunicados.No tienen señal para enviar o recibir llamadas, mensajes, e-mails o conectarse a través de redes sociales.Considerando que es un sector muy aislado se trata de un alto riesgo, ya que no pueden acceder a ayuda médica o de emergencias.]
501903 ; 2018-05-31 ; Movistar - Limpieza armario ; [Por una equivocacion de una ejecutiva quede sin internet de Movistar y ahora trate de contratarlo de nuevo y me viven llamado ofreciendo.lo peor es que quiero contratarlo pero solo dicen q ya no hay factibilidad en mi direccion y que hay q hacer Limpieza de armario pero sin dar una fecha estimada ni nada seguro...Prefieren perder un cliente antiguo q hacer lo que corresponde...y no hay un fono directo donde pedir esta Limpieza o pedir hablat con alguien directamente y obvio q solucionen el problema...]
501885 ; 2018-05-31 ; Claro Chile - Actualizacion j7 prime android 7.0 ; [Por que aun no tienen la Actualizacion de android 7.0, es la unica compañía que no lo tiene, las demas ta lo actualizaron desde el 2017]
501881 ; 2018-05-31 ; Claro - Porque ellos me quieren cobrar ; [Hola buen día...yo tengo tres planes en Claro con aparato....a la fecha llevo 10 meses  hace unos días me sale en la pantalla  tarjeta extraída y apagó saco pongo y prendo igual me sale lo mismo tarjeta extraída....fui a Claro y me dicen q tengo q pagar el arreglo q el seguro no paga el arreglo el teléfono está como nuevo.....yo le digo solo puse la tarjeta .....]
501876 ; 2018-05-31 ; Claro  - Publicidad engañosa (estafa)  ; [En resumen contrate en octubre del año pasado el plan ilimitado HD sin restricción de niun tipo ni de gb ni de velocidad a todo ésto me cobraron 60. 000 mil peso de multa según ellos para poder cambiarme al plan HD Ilimitado los pague más 35.000 que me cobraron por el famoso plan ilimitado HD de verdad el único ilimitado de verdad dice el flyer (publicidad engañosa ya que en el flyer en niun lado dice que el plan después de los 70gb baja su velocidad, el plan se debería llamar plan 70 gb y no plan ilimitado de verdad HD) sin aviso se me bajo la velocidad al punto que nisiquiera abre videos de baja resolución y no se puede navegar, he llamado fui a la sucursal llevo 4 días sin niun tipo de respuesta de Claro y me siento estafado ahora solo me queda ir a SUBTEL y al SERNAC ya que trate de entenderme con los señores de Claro pero ésta gente se ríe y abusa de sus clientes.]
501873 ; 2018-05-31 ; Vtr - Nula atención a cliente ; [Estoy tratando de comunicarme con VTR por medio de sus números de atención y no puedo comunicarme llevo 15 minutos esperando en linea, quiero colocar un reclamo en su página y no me deja puesto que en los requerimientos de campo del reclamo me pide números de contacto, del cual poseo solo celular al no tener línea telefónica no me deja.Intento por sucursal virtual y me atiende John Jairo quizás de qué lugar del mundo y me dice que él me puede ayudar "chateando" una burla VTR atención a clientes pero cuando ofrecen servicios te llaman a toda hora., Pésima post venta de servicio]
